{
    "(0.7089664704057663, 1.0, 2.4798512089274643e-05)": [
        0.6301385910763392,
        629.8000000000002
    ],
    "(1.0, 1.0, 2.4798512089274643e-05)": [
        0.7978827365359211,
        888.3199999999997,
        888.3199999999997,
        888.3199999999997,
        888.3199999999997,
        888.3199999999997,
        888.3199999999997,
        888.3199999999997,
        888.3199999999997,
        888.3199999999997,
        888.3199999999997,
        888.3199999999997,
        888.3199999999997,
        888.3199999999997,
        888.3199999999997,
        888.3199999999997,
        888.3199999999997,
        888.3199999999997,
        888.3199999999997,
        888.3199999999997,
        888.3199999999997,
        888.3199999999997,
        888.3199999999997,
        888.3199999999997,
        888.3199999999997,
        888.3199999999997,
        888.3199999999997,
        888.3199999999997,
        888.3199999999997,
        888.3199999999997,
        888.3199999999997,
        888.3199999999997,
        888.3199999999997,
        888.3199999999997,
        888.3199999999997,
        888.3199999999997,
        888.3199999999997,
        888.3199999999997,
        888.3199999999997,
        888.3199999999997,
        888.3199999999997,
        888.3199999999997,
        888.3199999999997,
        888.3199999999997,
        888.3199999999997,
        888.3199999999997,
        888.3199999999997,
        888.3199999999997,
        888.3199999999997,
        888.3199999999997,
        888.3199999999997,
        888.3199999999997,
        888.3199999999997,
        888.3199999999997,
        888.3199999999997,
        888.3199999999997,
        888.3199999999997,
        888.3199999999997,
        888.3199999999997,
        888.3199999999997,
        888.3199999999997,
        888.3199999999997,
        888.3199999999997,
        888.3199999999997,
        888.3199999999997,
        888.3199999999997,
        888.3199999999997,
        888.3199999999997,
        888.3199999999997,
        888.3199999999997,
        888.3199999999997,
        888.3199999999997,
        888.3199999999997,
        888.3199999999997,
        888.3199999999997,
        888.3199999999997,
        888.3199999999997,
        888.3199999999997,
        888.3199999999997,
        888.3199999999997,
        888.3199999999997,
        888.3199999999997,
        888.3199999999997,
        888.3199999999997,
        888.3199999999997,
        888.3199999999997,
        888.3199999999997,
        888.3199999999997,
        888.3199999999997,
        888.3199999999997,
        888.3199999999997,
        888.3199999999997,
        888.3199999999997,
        888.3199999999997,
        888.3199999999997,
        888.3199999999997,
        888.3199999999997,
        888.3199999999997,
        888.3199999999997,
        888.3199999999997
    ],
    "(0.5955524129794413, 1.0, 2.4798512089274643e-05)": [
        0.4666750333003162,
        0.0
    ],
    "(0.590701648584254, 1.0, 2.4798512089274643e-05)": [
        0.45877456630211216,
        0.0
    ],
    "(0.6764442832767966, 1.0, 2.4798512089274643e-05)": [
        0.5881630082327156,
        600.9099999999999
    ],
    "(0.8431846053583656, 1.0, 2.4798512089274643e-05)": [
        0.7529959746031797,
        749.0099999999998
    ],
    "(0.8326032440343712, 1.0, 2.4798512089274643e-05)": [
        0.7463135660080946,
        739.6100000000001
    ],
    "(0.8565283094948732, 1.0, 2.4798512089274643e-05)": [
        0.7607107583558194,
        760.8699999999999
    ],
    "(0.7417996475259067, 1.0, 2.4798512089274643e-05)": [
        0.6678395970554714,
        658.9499999999998
    ],
    "(0.721026539478242, 1.0, 2.4798512089274643e-05)": [
        0.6445476717442109,
        640.5099999999998
    ],
    "(0.6574025301116619, 1.0, 2.4798512089274643e-05)": [
        0.5615914268553889,
        583.98
    ],
    "(0.43196796044472585, 1.0, 2.4798512089274643e-05)": [
        0.19522955002288686,
        0.0
    ],
    "(0.5746261251858857, 1.0, 2.4798512089274643e-05)": [
        0.43224017570347933,
        0.0
    ],
    "(0.5867263269539084, 1.0, 2.4798512089274643e-05)": [
        0.4522611162243952,
        0.0
    ],
    "(0.41705495934663417, 1.0, 2.4798512089274643e-05)": [
        0.17308835657762478,
        0.0
    ],
    "(0.731272702976038, 1.0, 2.4798512089274643e-05)": [
        0.6562802245242525,
        649.6100000000001
    ],
    "(0.9004176133762004, 1.0, 2.4798512089274643e-05)": [
        0.7806531235003389,
        799.8499999999999
    ],
    "(0.5914687704187793, 1.0, 2.4798512089274643e-05)": [
        0.46002751953811927,
        0.0
    ],
    "(0.6943172570344815, 1.0, 2.4798512089274643e-05)": [
        0.6117829689764817,
        616.7799999999997
    ],
    "(0.550329170978307, 1.0, 2.4798512089274643e-05)": [
        0.3913401458141382,
        0.0
    ],
    "(0.47512767921144006, 1.0, 2.4798512089274643e-05)": [
        0.2639157419049464,
        0.0
    ],
    "(0.4391378067827603, 1.0, 2.4798512089274643e-05)": [
        0.2062066537665901,
        0.0
    ],
    "(0.962327230057666, 1.0, 2.4798512089274643e-05)": [
        0.7955842645196204,
        854.8500000000004
    ],
    "(0.4608265466826836, 1.0, 2.4798512089274643e-05)": [
        0.2405289269597948,
        0.0
    ],
    "(0.7222582980867628, 1.0, 2.4798512089274643e-05)": [
        0.6459830305756876,
        641.5999999999999
    ],
    "(0.6619098065910989, 1.0, 2.4798512089274643e-05)": [
        0.5680071567526346,
        587.9899999999998
    ],
    "(0.7390885700554399, 1.0, 2.4798512089274643e-05)": [
        0.6649108960773235,
        656.5500000000002
    ],
    "(0.7603087821192366, 1.0, 2.4798512089274643e-05)": [
        0.6869323703752311,
        675.3899999999999
    ],
    "(0.3988611038503205, 1.0, 2.4798512089274643e-05)": [
        0.14750532505222996,
        0.0
    ],
    "(0.5106957073349075, 1.0, 2.4798512089274643e-05)": [
        0.32375055647504686,
        0.0
    ],
    "(0.9208005942464584, 1.0, 2.4798512089274643e-05)": [
        0.7872009669604368,
        817.9700000000003
    ],
    "(0.36512359756802315, 1.0, 2.4798512089274643e-05)": [
        0.10494824596660443,
        0.0
    ],
    "(0.8726617054067073, 1.0, 2.4798512089274643e-05)": [
        0.7689955404399375,
        775.1999999999998
    ],
    "(0.7664284001350005, 1.0, 2.4798512089274643e-05)": [
        0.692896795848328,
        680.8299999999999
    ],
    "(0.7808093453106636, 1.0, 2.4798512089274643e-05)": [
        0.7062287459773815,
        693.6000000000004
    ],
    "(0.40306250190151066, 1.0, 2.4798512089274643e-05)": [
        0.1532624041494486,
        0.0
    ],
    "(0.2920605536126001, 1.0, 2.4798512089274643e-05)": [
        0.03864152746032036,
        0.0
    ],
    "(0.9699908147640739, 1.0, 2.4798512089274643e-05)": [
        0.7964433666222738,
        861.6700000000001
    ],
    "(0.8715686592574153, 1.0, 2.4798512089274643e-05)": [
        0.7684698130766313,
        774.23
    ],
    "(0.7604780739186398, 1.0, 2.4798512089274643e-05)": [
        0.6870997030244719,
        675.5499999999997
    ],
    "(0.9428839512863896, 1.0, 2.4798512089274643e-05)": [
        0.7924603727422119,
        837.5799999999999
    ],
    "(0.43066393227646393, 1.0, 2.4798512089274643e-05)": [
        0.19325519026756982,
        0.0
    ],
    "(0.6786304486344855, 1.0, 2.4798512089274643e-05)": [
        0.5911224117676175,
        602.8499999999999
    ],
    "(0.8552327486467755, 1.0, 2.4798512089274643e-05)": [
        0.7599962182507954,
        759.71
    ],
    "(0.845181689569419, 1.0, 2.4798512089274643e-05)": [
        0.7542009036539372,
        750.79
    ],
    "(0.694197867814846, 1.0, 2.4798512089274643e-05)": [
        0.6116296007740678,
        616.6599999999999
    ],
    "(0.6238444452600495, 1.0, 2.4798512089274643e-05)": [
        0.5115581390327641,
        0.0
    ],